Date,World,Africa,Asia,Europe,North_America,Oceania,South_America
2020-01-22,17,0,17,0,0,0,0
2020-01-23,18,0,18,0,0,0,0
2020-01-24,26,0,26,0,0,0,0
2020-01-25,42,0,42,0,0,0,0
2020-01-26,56,0,56,0,0,0,0
2020-01-27,82,0,82,0,0,0,0
2020-01-28,131,0,131,0,0,0,0
2020-01-29,133,0,133,0,0,0,0
2020-01-30,172,0,171,1,0,0,0
2020-01-31,214,0,213,1,0,0,0
2020-02-01,260,0,259,1,0,0,0
2020-02-02,364,0,362,2,0,0,0
2020-02-03,428,0,426,2,0,0,0
2020-02-04,494,0,492,2,0,0,0
2020-02-05,566,0,564,2,0,0,0
2020-02-06,636,0,634,2,0,0,0
2020-02-07,721,0,719,2,0,0,0
2020-02-08,808,0,806,2,0,0,0
2020-02-09,908,0,906,2,0,0,0
2020-02-10,1015,0,1013,2,0,0,0
2020-02-11,1115,0,1113,2,0,0,0
2020-02-12,1120,0,1118,2,0,0,0
2020-02-13,1373,0,1371,2,0,0,0
2020-02-14,1525,0,1523,2,0,0,0
2020-02-15,1668,0,1665,3,0,0,0
2020-02-16,1772,0,1769,3,0,0,0
2020-02-17,1870,0,1867,3,0,0,0
2020-02-18,2010,0,2007,3,0,0,0
2020-02-19,2125,0,2122,3,0,0,0
2020-02-20,2248,0,2245,3,0,0,0
2020-02-21,2252,0,2248,4,0,0,0
2020-02-22,2460,0,2454,6,0,0,0
2020-02-23,2470,0,2463,7,0,0,0
2020-02-24,2630,0,2619,11,0,0,0
2020-02-25,2710,0,2696,14,0,0,0
2020-02-26,2770,0,2753,17,0,0,0
2020-02-27,2813,0,2791,22,0,0,0
2020-02-28,2870,0,2844,26,0,0,0
2020-02-29,2940,0,2904,35,1,0,0
2020-03-01,2994,0,2952,40,1,1,0
2020-03-02,3084,0,3017,60,6,1,0
2020-03-03,3158,0,3061,89,7,1,0
2020-03-04,3254,0,3122,119,11,2,0
2020-03-05,3349,0,3169,166,12,2,0
2020-03-06,3463,0,3223,223,14,2,1
2020-03-07,3567,0,3275,272,17,2,1
2020-03-08,3809,1,3361,420,21,3,3
2020-03-09,4003,1,3432,541,23,3,3
2020-03-10,4278,2,3508,733,29,3,3
2020-03-11,4629,2,3605,981,35,3,3
2020-03-12,4950,3,3703,1191,45,3,5
2020-03-13,5453,6,3807,1578,53,3,6
2020-03-14,5879,7,3929,1872,60,3,8
2020-03-15,6544,8,4060,2391,72,3,10
2020-03-16,7258,8,4211,2922,104,3,10
2020-03-17,8109,11,4370,3564,144,5,15
2020-03-18,9063,17,4558,4249,210,6,23
2020-03-19,10205,20,4733,5125,288,6,33
2020-03-20,11780,26,4909,6393,398,7,47
2020-03-21,13586,35,5068,7913,505,7,58
2020-03-22,15416,46,5274,9366,641,7,82
2020-03-23,17509,55,5432,11073,839,7,103
2020-03-24,19933,62,5603,13036,1091,8,133
2020-03-25,22904,73,5795,15420,1445,8,163
2020-03-26,26154,91,6040,17935,1878,13,197
2020-03-27,29792,115,6252,20761,2423,13,228
2020-03-28,33841,134,6469,23769,3173,14,282
2020-03-29,37659,151,6684,26711,3763,17,333
2020-03-30,42026,172,6896,30041,4512,18,387
2020-03-31,47190,198,7141,33703,5645,19,484
2020-04-01,53829,233,7444,38232,7327,21,572
2020-04-02,60070,285,7733,42355,8948,25,724
2020-04-03,66565,331,8015,46909,10454,29,827
2020-04-04,72923,382,8326,50992,12185,31,1007
2020-04-05,78842,442,8629,54674,13929,39,1129
2020-04-06,85267,487,8942,58702,15812,44,1280
2020-04-07,93780,533,9233,63946,18531,49,1488
2020-04-08,100995,573,9544,68258,20826,54,1740
2020-04-09,109143,627,9905,73294,23226,55,2036
2020-04-10,116882,690,10260,78008,25587,58,2279
2020-04-11,123861,742,10622,82070,27869,61,2497
2020-04-12,130373,788,11028,85819,29932,72,2734
2020-04-13,136883,833,11358,89520,32115,73,2984
2020-04-14,144235,873,11752,93372,34821,74,3343
2020-04-15,152999,910,12075,98557,37661,75,3721
2020-04-16,160704,965,12440,103093,40045,75,4086
2020-04-17,169583,1015,14095,107507,42380,78,4508
2020-04-18,176009,1058,14432,110921,44596,79,4923
2020-04-19,182108,1120,14801,114083,46786,85,5233
2020-04-20,188618,1159,15157,117341,49260,85,5616
2020-04-21,195809,1189,15534,120936,52042,85,6023
2020-04-22,203080,1240,15888,124605,54807,85,6455
2020-04-23,210351,1297,16239,128000,57537,93,7185
2020-04-24,217183,1324,16620,131342,59952,97,7848
2020-04-25,223230,1372,16969,134296,61978,98,8517
2020-04-26,228047,1422,17267,136594,63593,103,9068
2020-04-27,233491,1461,17623,139148,65353,103,9803
2020-04-28,240116,1522,17975,141733,67936,109,10841
2020-04-29,247096,1588,18351,144686,70704,111,11656
2020-04-30,253350,1634,18703,147096,73263,113,12541
2020-05-01,258937,1690,19026,149104,75462,113,13542
2020-05-02,264950,1759,19409,151526,77495,114,14647
2020-05-03,269226,1796,19686,153088,78952,116,15588
2020-05-04,274069,1842,20135,154912,80668,117,16395
2020-05-05,280212,1906,20504,156969,83286,118,17429
2020-05-06,286975,2006,20874,159350,86003,118,18624
2020-05-07,292842,2073,21242,161286,88346,118,19777
2020-05-08,298793,2154,21569,163308,90490,118,21154
2020-05-09,303709,2221,21899,164817,92329,118,22325
2020-05-10,308046,2290,22265,166030,93586,119,23756
2020-05-11,312124,2344,22568,167357,94872,119,24864
2020-05-12,317856,2395,22928,169024,96982,120,26407
2020-05-13,323292,2493,23300,170565,99103,120,27711
2020-05-14,329043,2562,23693,172318,101287,120,29063
2020-05-15,334799,2624,24032,173790,103342,120,30891
2020-05-16,339340,2708,24381,174964,104922,120,32245
2020-05-17,343218,2758,24794,176265,105973,121,33307
2020-05-18,347613,2831,25178,177323,107461,121,34699
2020-05-19,352581,2906,25570,178103,109318,122,36562
2020-05-20,357987,2990,25920,179323,111345,122,38287
2020-05-21,363022,3095,26329,180349,113079,123,40047
2020-05-22,368727,3183,26735,181969,114892,123,41825
2020-05-23,373180,3255,27121,182895,116266,124,43519
2020-05-24,376583,3354,27511,183542,117235,125,44816
2020-05-25,378276,3479,27850,182341,118178,125,46303
2020-05-26,383054,3591,28249,183606,119443,126,48039
2020-05-27,388273,3698,28719,184449,121481,126,49800
2020-05-28,393265,3791,29184,185302,123161,126,51701
2020-05-29,398421,3922,29749,186209,124764,126,53651
2020-05-30,402782,4069,30294,186996,126171,126,55126
2020-05-31,406071,4222,30828,187527,127028,126,56340
2020-06-01,409812,4343,31349,188100,128106,125,57789
2020-06-02,415076,4493,31897,188865,129640,125,60056
2020-06-03,420696,4601,32543,189601,131827,125,61999
2020-06-04,426223,4756,33121,190245,133755,125,64221
2020-06-05,431280,4913,33773,190950,135373,125,66146
2020-06-06,435420,5055,34429,191552,136455,125,67804
2020-06-07,438677,5188,35084,192018,137183,125,69079
2020-06-08,443131,5363,35741,192541,138114,125,71247
2020-06-09,448176,5537,36400,193192,139701,125,73221
2020-06-10,453604,5688,37172,193872,141367,125,75380
2020-06-11,458744,5851,37998,194377,142851,125,77542
2020-06-12,463488,6049,38728,194918,144249,125,79419
2020-06-13,467880,6253,39468,195362,145454,125,81218
2020-06-14,471660,6459,40342,195756,146138,125,82840
2020-06-15,475726,6761,41250,196159,147057,125,84374
2020-06-16,482845,7015,43774,196773,148633,125,86525
2020-06-17,488321,7218,44652,197396,150222,125,88708
2020-06-18,493675,7419,45558,197933,151644,125,90996
2020-06-19,500036,7682,46506,199554,153014,125,93155
2020-06-20,504518,7918,47359,199978,154064,125,95074
2020-06-21,509160,8114,48338,200253,155493,125,96837
2020-06-22,513026,8338,49145,200558,156730,125,98130
2020-06-23,518593,8620,50098,201117,158349,126,100283
2020-06-24,524090,8855,51115,201529,160143,127,102321
2020-06-25,529198,9069,52075,201907,161523,127,104497
2020-06-26,534279,9282,53010,202406,163007,127,106447
2020-06-27,539013,9484,53947,202764,164202,127,108489
2020-06-28,542626,9663,54833,203054,164855,127,110094
2020-06-29,546699,9877,55857,203364,165776,127,111698
2020-06-30,551949,10146,56972,203845,167070,127,113789
2020-07-01,557288,10404,58007,204302,168643,127,115805
2020-07-02,562792,10643,58981,204724,170208,127,118109
2020-07-03,568034,10882,59920,205152,171652,127,120301
2020-07-04,572824,11083,61098,205499,172599,127,122418
2020-07-05,576650,11363,62273,205776,173280,129,123829
2020-07-06,580920,11610,63353,206101,174255,129,125472
2020-07-07,587276,11975,64522,206552,176398,129,127700
2020-07-08,592901,12232,65601,206977,178141,129,129821
2020-07-09,598743,12457,66724,207391,180020,129,132022
2020-07-10,604481,12763,67844,207781,181653,130,134310
2020-07-11,609607,12988,68986,208137,183069,131,136296
2020-07-12,613917,13241,70361,208377,183922,131,137885
2020-07-13,618343,13463,71514,208654,184942,131,139639
2020-07-14,624313,13762,72681,209024,186802,134,141910
2020-07-15,630235,13988,73924,209457,188484,136,144246
2020-07-16,636401,14356,75203,209821,190244,139,146638
2020-07-17,643415,14672,76556,210197,192034,141,149815
2020-07-18,649940,14953,78458,210459,193630,145,152295
2020-07-19,654848,15169,80180,210654,194513,146,154186
2020-07-20,658788,15423,81373,210903,195457,149,155483
2020-07-21,665143,15737,82663,211251,197603,151,157738
2020-07-22,672537,16445,84489,211615,199737,156,160095
2020-07-23,679186,16713,86017,211956,201654,162,162684
2020-07-24,685622,17104,87357,212295,203659,168,165039
2020-07-25,691701,17521,88635,212565,205492,178,167310
2020-07-26,696078,17765,89951,212779,206439,184,168960
2020-07-27,701373,18175,91158,212996,208050,190,170804
2020-07-28,708301,18497,92712,213321,210258,199,173314
2020-07-29,714946,18864,94011,213714,212357,213,175787
2020-07-30,721701,19317,95366,214034,214455,221,178308
2020-07-31,728273,19680,96722,214399,216457,227,180788
2020-08-01,734276,19974,98105,214637,218482,234,182844
2020-08-02,738939,20304,99652,214836,219317,247,184583
2020-08-03,743762,20626,101021,215124,220227,258,186506
2020-08-04,750923,21099,102442,215480,222459,273,189170
2020-08-05,758312,21638,103919,215841,224843,281,191790
2020-08-06,765130,22069,105309,216160,227001,293,194298
2020-08-07,771877,22508,106732,216477,229216,305,196639
2020-08-08,777904,22920,108087,216783,231117,322,198675
2020-08-09,783086,23279,109957,216992,232101,340,200417
2020-08-10,788451,23598,111328,217320,233432,358,202415
2020-08-11,795053,23865,112701,217660,235514,379,204934
2020-08-12,801992,24274,114257,217984,237885,388,207204
2020-08-13,808777,24682,115765,218347,239652,402,209929
2020-08-14,815354,25098,117235,218680,241683,406,212252
2020-08-15,821377,25338,118784,219142,243454,423,214236
2020-08-16,826170,25633,120474,219342,244374,448,215899
2020-08-17,830803,25897,121841,219608,245206,465,217786
2020-08-18,837853,26312,123455,219960,247284,477,220365
2020-08-19,844250,26640,125029,220405,248797,490,222889
2020-08-20,850684,26977,126577,220743,250619,500,225268
2020-08-21,856426,27329,127582,221065,252333,513,227604
2020-08-22,862199,27603,128995,221357,254051,530,229663
2020-08-23,866523,27785,130471,221567,254858,545,231297
2020-08-24,871346,28005,131838,221840,255720,553,233390
2020-08-25,877905,28288,133335,222242,257691,577,235772
2020-08-26,884453,28607,135019,222495,259624,600,238108
2020-08-27,890662,28860,136659,222875,261386,612,240270
2020-08-28,896481,29091,138266,223209,262984,630,242301
2020-08-29,902259,29422,139746,223472,264720,641,244258
2020-08-30,906525,29586,141393,223686,265557,684,245619
2020-08-31,910946,29812,142709,224048,266398,689,247290
2020-09-01,917545,30054,144265,224473,268393,695,249665
2020-09-02,923838,30319,145862,224876,270141,710,251930
2020-09-03,929928,30616,147548,225260,271807,769,253928
2020-09-04,935766,30854,149168,225739,273367,780,255858
2020-09-05,940856,31079,150758,226073,274762,785,257399
2020-09-06,944984,31303,152453,226292,275467,794,258675
2020-09-07,954602,31521,154116,226623,276121,802,265419
2020-09-08,959725,31747,155783,227077,277405,813,266900
2020-09-09,965984,31939,157546,227497,279153,820,269029
2020-09-10,971981,32124,159377,227903,280756,829,270992
2020-09-11,977974,32355,161084,228326,282511,837,272861
2020-09-12,983028,32501,162862,228675,283744,844,274402
2020-09-13,986986,32622,164622,228939,284414,852,275537
2020-09-14,991586,32793,166517,229313,285165,852,276946
2020-09-15,998149,33070,168415,229942,287054,860,278808
2020-09-16,1004015,33249,170254,230651,288381,868,280612
2020-09-17,1009663,33428,172092,231275,289545,873,282450
2020-09-18,1015514,33621,173944,231932,291259,880,283878
2020-09-19,1020784,33823,175747,232337,292500,885,285492
2020-09-20,1024772,33956,177563,232650,293067,888,286648
2020-09-21,1029200,34082,179251,233136,293787,891,288053
2020-09-22,1035351,34322,181009,233907,295531,896,289686
2020-09-23,1041900,34531,182828,234596,297277,901,291767
2020-09-24,1047560,34706,184609,235192,298744,909,293400
2020-09-25,1053578,34860,186380,235884,300163,911,295380
2020-09-26,1059007,35028,188168,236469,301420,913,297009
2020-09-27,1062887,35163,189905,236856,301956,916,298091
2020-09-28,1067004,35457,191328,237448,302558,923,299290
2020-09-29,1073066,35674,193249,238040,304112,928,301063
2020-09-30,1079492,35863,195115,239043,305615,930,302926
2020-10-01,1088383,36080,196893,239811,307043,932,307624
2020-10-02,1094063,36229,198650,240641,308451,936,309156
2020-10-03,1098841,36340,200206,241243,309643,937,310472
2020-10-04,1102866,36510,201874,241712,310294,937,311539
2020-10-05,1109955,36638,203494,242378,313663,939,312843
2020-10-06,1115813,36826,205202,243466,314915,941,314463
2020-10-07,1121735,37095,206923,244409,316312,942,316054
2020-10-08,1128117,37393,208717,245328,317739,942,317998
2020-10-09,1134306,37629,210365,246393,319182,942,319795
2020-10-10,1139206,37900,211980,247179,320069,943,321135
2020-10-11,1143399,38108,213621,247881,320735,943,322111
2020-10-12,1147529,38301,215028,248830,321384,945,323041
2020-10-13,1152863,38572,216498,249957,322694,950,324192
2020-10-14,1159027,38835,218018,251292,324242,952,325688
2020-10-15,1165237,39089,219677,252605,325584,952,327330
2020-10-16,1171455,39296,221268,254058,327037,953,328843
2020-10-17,1177182,39561,223063,255217,328288,953,330100
2020-10-18,1181162,39746,224438,256201,328943,954,330880
2020-10-19,1186002,39930,225883,257511,329723,956,331999
2020-10-20,1192629,40228,227405,259306,331294,956,333440
2020-10-21,1199538,40480,228983,261133,333098,959,334885
2020-10-22,1205496,40696,230514,262966,334062,959,336299
2020-10-23,1212601,40920,232105,264985,335990,960,337641
2020-10-24,1218517,41143,233495,266711,337490,960,338718
2020-10-25,1222880,41259,234831,268023,338212,960,339595
2020-10-26,1228717,41607,236212,270107,339114,966,340711
2020-10-27,1236128,41789,237590,272836,340869,968,342076
2020-10-28,1243295,42135,239052,275333,342514,971,343290
2020-10-29,1250533,42337,240527,277980,344082,971,344636
2020-10-30,1258302,42629,241924,281049,345775,971,345954
2020-10-31,1264949,42853,243331,283636,347279,971,346879
2020-11-01,1270305,43175,244808,285757,347999,971,347595
2020-11-02,1276621,43389,246275,288503,348887,980,348587
2020-11-03,1286177,43705,247802,292904,351132,980,349654
2020-11-04,1296098,43940,249539,297582,352998,981,351058
2020-11-05,1304808,44244,251156,301250,354834,981,352343
2020-11-06,1313988,44467,252752,305683,356725,981,353380
2020-11-07,1321774,44845,254225,309045,358436,981,354242
2020-11-08,1328173,45360,255759,311744,359320,981,355009
2020-11-09,1335716,45609,257288,315472,360448,991,355908
2020-11-10,1345462,45950,258843,320346,362626,994,356703
2020-11-11,1355874,46282,260467,325295,364797,994,358039
2020-11-12,1365584,46551,262061,329579,366790,994,359609
2020-11-13,1375503,46831,263651,334477,368732,995,360817
2020-11-14,1384641,47066,265159,338367,370877,995,362177
2020-11-15,1391575,47362,266675,341653,372055,995,362835
2020-11-16,1399621,47641,268170,345694,373391,998,363727
2020-11-17,1410595,48034,269765,351292,375413,1003,365088
2020-11-18,1422040,48426,271536,356585,378056,1004,366433
2020-11-19,1433168,48702,273570,361419,380805,1004,367668
2020-11-20,1444909,49114,275258,367121,383628,1005,368783
2020-11-21,1454194,49428,276887,371340,385920,1005,369614
2020-11-22,1461853,49718,278635,374820,387382,1005,370293
2020-11-23,1470569,49987,280291,379214,388938,1010,371129
2020-11-24,1483078,50331,281998,385190,392087,1012,372460
2020-11-25,1495093,50646,283769,390597,395363,1012,373706
2020-11-26,1506013,50944,285555,395901,397555,1014,375044
2020-11-27,1517521,51264,287216,401791,399952,1015,376283
2020-11-28,1527020,51499,288884,406268,402069,1015,377285
2020-11-29,1534661,51723,290614,409822,403437,1016,378049
2020-11-30,1543698,51992,292249,414118,405282,1018,379039
2020-12-01,1556135,52250,293976,419812,408790,1019,380288
2020-12-02,1568525,52580,295629,425185,412535,1020,381576
2020-12-03,1581233,52847,297363,430824,416236,1021,382942
2020-12-04,1593702,53277,299013,436416,419755,1022,384219
2020-12-05,1604242,53564,300551,440853,422874,1022,385378
2020-12-06,1612316,53870,302095,444436,424682,1022,386211
2020-12-07,1621146,54118,303596,448389,426911,1022,387110
2020-12-08,1633165,54520,305223,453552,430481,1029,388360
2020-12-09,1645711,54870,306765,458915,434411,1033,389717
2020-12-10,1658118,55264,308315,464168,438221,1034,391116
2020-12-11,1671290,55662,309837,470013,442464,1035,392279
2020-12-12,1682107,55988,311292,474537,445822,1035,393433
2020-12-13,1690352,56334,312717,478257,447807,1035,394202
2020-12-14,1699540,56645,314184,482249,450106,1040,395316
2020-12-15,1712748,57072,315733,488104,454035,1041,396763
2020-12-16,1726667,57418,317201,494154,458616,1042,398236
2020-12-17,1739838,57814,318617,499446,463020,1045,399896
2020-12-18,1752862,58310,319997,505288,466924,1047,401296
2020-12-19,1764110,58759,321377,509961,470463,1047,402503
2020-12-20,1772475,59099,322887,513388,472663,1047,403391
2020-12-21,1781954,59528,324333,517379,475128,1051,404535
2020-12-22,1795829,60057,325781,523155,479600,1051,406185
2020-12-23,1809564,60877,327191,528831,483964,1052,407649
2020-12-24,1821769,61431,328581,533834,487925,1053,408945
2020-12-25,1830775,61955,329898,537636,490262,1053,409971
2020-12-26,1838708,62374,331122,540821,492527,1053,410811
2020-12-27,1846821,62806,332531,544147,494543,1054,411740
2020-12-28,1856357,63351,333828,548138,497115,1059,412866
2020-12-29,1871321,64068,335220,554415,501993,1059,414566
2020-12-30,1886739,64769,336635,560741,507112,1060,416422
2020-12-31,1900225,65468,337852,566195,511486,1060,418164
2021-01-01,1910377,66126,338978,570410,514559,1060,419244
2021-01-02,1919212,66641,340112,573693,517587,1060,420119
2021-01-03,1927168,67246,341277,577038,519536,1060,421011
2021-01-04,1937118,67930,342345,581120,522446,1067,422210
2021-01-05,1952522,68751,343576,587693,527331,1067,424104
2021-01-06,1967443,69861,344644,593093,532631,1067,426147
2021-01-07,1982396,70550,345786,598529,537971,1067,428493
2021-01-08,1997604,71460,346682,604513,543456,1068,430425
2021-01-09,2010956,72117,347982,609472,548030,1068,432287
2021-01-10,2020501,72711,348954,613406,550843,1069,433518
2021-01-11,2030779,73392,349949,617847,553607,1071,434913
2021-01-12,2047759,74467,351333,624379,559596,1071,436913
2021-01-13,2064238,75688,352665,630662,565132,1071,439020
2021-01-14,2079948,76741,353828,636938,570199,1073,441169
2021-01-15,2095658,77646,355030,643273,575405,1073,443231
2021-01-16,2109687,78308,356139,648567,580402,1073,445198
2021-01-17,2119510,78906,357186,652548,583097,1073,446700
2021-01-18,2129953,79632,358257,657049,585497,1074,448444
2021-01-19,2145658,80834,359481,663713,589767,1074,450789
2021-01-20,2163380,81756,360670,670559,596026,1074,453295
2021-01-21,2180697,82782,361916,676868,602209,1075,455847
2021-01-22,2196751,83755,362966,683030,607733,1075,458192
2021-01-23,2211314,84537,364013,688186,612974,1075,460529
2021-01-24,2221072,85184,365036,691944,615536,1075,462297
2021-01-25,2232194,85955,366154,696560,618232,1076,464217
2021-01-26,2249573,86938,367376,703039,624223,1078,466919
2021-01-27,2266480,87989,368640,709151,630136,1078,469486
2021-01-28,2283047,88985,370001,715121,635796,1078,472066
2021-01-29,2298766,89831,370969,721161,641061,1078,474666
2021-01-30,2312088,90445,372239,725745,645670,1078,476911
2021-01-31,2321623,90970,373325,729214,648257,1078,478779
2021-02-01,2331867,91479,374309,733534,650830,1079,480636
2021-02-02,2346718,92363,375428,739713,654993,1079,483142
2021-02-03,2362573,93073,376433,745494,660851,1080,485642
2021-02-04,2375496,93640,377453,750309,665030,1080,487984
2021-02-05,2392671,94187,378366,756256,671982,1080,490800
2021-02-06,2404528,94734,379234,760270,676425,1080,492785
2021-02-07,2412294,95091,380111,763152,678477,1081,494382
2021-02-08,2421846,95535,381004,767095,680660,1083,496469
2021-02-09,2436581,96234,381941,772508,685623,1083,499192
2021-02-10,2450433,96770,382910,777584,690525,1083,501561
2021-02-11,2464306,97265,383746,782418,695383,1083,504411
2021-02-12,2477181,97830,384628,787019,699722,1083,506899
2021-02-13,2487865,98181,385486,790486,703358,1083,509271
2021-02-14,2494967,98475,386286,792980,705092,1083,511051
2021-02-15,2502779,98945,386987,796338,706626,1083,512800
2021-02-16,2513874,99410,387908,800749,709752,1085,514970
2021-02-17,2525225,99812,388773,804857,713360,1085,517338
2021-02-18,2537209,100325,389635,808813,717152,1085,520199
2021-02-19,2548857,100709,390553,812890,720711,1086,522908
2021-02-20,2557967,100999,391461,815884,723596,1086,524941
2021-02-21,2564743,101336,392245,818004,725244,1086,526828
2021-02-22,2571994,101671,392999,820716,727045,1087,528476
2021-02-23,2583470,102142,393944,824668,730686,1087,530943
2021-02-24,2595907,102468,395450,828368,735054,1089,533478
2021-02-25,2606809,102825,396402,831771,738482,1090,536239
2021-02-26,2617360,103142,397370,835386,741515,1090,538857
2021-02-27,2626090,103481,398153,838235,743946,1090,541185
2021-02-28,2632587,103706,398982,840275,745590,1090,542944
2021-03-01,2640193,104021,399719,842914,747447,1092,545000
2021-03-02,2650417,104384,400599,846455,750499,1093,547387
2021-03-03,2661918,104660,401422,850258,754038,1093,550447
2021-03-04,2672379,104991,402230,853677,756898,1093,553490
2021-03-05,2682855,105216,403177,857407,759433,1095,556527
2021-03-06,2691162,105481,403869,860099,761802,1095,558816
2021-03-07,2697242,105712,404559,862056,762844,1095,560976
2021-03-08,2704417,106091,405510,864750,763981,1096,562989
2021-03-09,2714911,106380,406351,868146,766723,1096,566215
2021-03-10,2725045,106681,407152,871756,769062,1096,569298
2021-03-11,2735259,107004,407969,875244,771363,1101,572578
2021-03-12,2745105,107232,408850,878566,773597,1101,575759
2021-03-13,2753714,107526,409663,881446,775283,1101,578695
2021-03-14,2759631,107777,410468,883507,776078,1101,580700
2021-03-15,2767167,108086,411310,886268,777121,1106,583276
2021-03-16,2777780,108394,412289,889928,778655,1106,587408
2021-03-17,2788370,108671,413161,893606,780753,1106,591073
2021-03-18,2799090,108932,414125,896917,783175,1111,594830
2021-03-19,2809880,109477,415063,900263,784928,1116,599033
2021-03-20,2818666,109674,415945,903116,786391,1116,602424
2021-03-21,2827221,109903,419124,905319,787390,1117,604368
2021-03-22,2835187,110163,420177,908533,788248,1117,606949
2021-03-23,2846643,110485,421246,912494,790104,1118,611196
2021-03-24,2857257,110805,422368,916119,792234,1121,614610
2021-03-25,2868811,111193,423484,920266,794249,1122,618497
2021-03-26,2881584,111535,424591,924804,796175,1122,623357
2021-03-27,2891795,111728,425760,927789,797635,1123,627760
2021-03-28,2899079,111911,426924,929944,798327,1129,630844
2021-03-29,2907703,112225,428070,932782,799256,1133,634237
2021-03-30,2919593,112502,429327,936664,801057,1140,638903
2021-03-31,2932520,112755,430796,940771,802791,1144,644263
2021-04-01,2944797,113165,432221,944598,804446,1144,649223
2021-04-02,2955444,113411,433831,948345,805609,1144,653104
2021-04-03,2964784,113579,435327,951634,806589,1144,656511
2021-04-04,2972213,113851,437112,954026,807108,1145,658971
2021-04-05,2980467,114081,438601,956644,807910,1151,662080
2021-04-06,2992874,114317,440697,959697,809460,1151,667552
2021-04-07,3008222,114584,442691,964332,812785,1152,672678
2021-04-08,3022514,114935,444701,968771,814459,1152,678496
2021-04-09,3036860,115198,446940,973296,816403,1153,683870
2021-04-10,3049868,115421,449072,976716,819443,1153,688063
2021-04-11,3058990,115710,451378,979108,819961,1153,691680
2021-04-12,3068895,115970,453684,982128,820908,1155,695050
2021-04-13,3082655,116377,456118,986118,822499,1155,700388
2021-04-14,3096723,116745,458570,990462,824123,1157,705666
2021-04-15,3110381,117059,461268,994358,825589,1168,710939
2021-04-16,3123729,117366,464056,998139,827078,1168,715922
2021-04-17,3136343,117646,466972,1001281,828459,1168,720817
2021-04-18,3145460,117898,470339,1003453,829013,1175,723582
2021-04-19,3156593,118197,473679,1006383,829758,1177,727399
2021-04-20,3170862,118608,477378,1010100,831314,1177,732285
2021-04-21,3185617,118919,481182,1014107,832891,1178,737340
2021-04-22,3199530,119225,485131,1017751,834545,1186,741692
2021-04-23,3214790,119603,489404,1021350,835899,1186,747348
2021-04-24,3227922,119840,493763,1024368,837103,1189,751659
2021-04-25,3238676,120131,498357,1026390,837632,1189,754977
2021-04-26,3250309,120427,502850,1028950,838408,1192,758482
2021-04-27,3265310,120793,507843,1032501,839675,1192,763306
2021-04-28,3281256,121133,513182,1036028,841176,1194,768543
2021-04-29,3296996,121529,518385,1039270,842778,1194,773840
2021-04-30,3311419,121782,523561,1042293,844199,1196,778388
2021-05-01,3324459,122066,528743,1044863,845335,1204,782248
2021-05-02,3334785,122297,533860,1046431,845824,1204,785169
2021-05-03,3346470,122554,538889,1048397,846629,1204,788797
2021-05-04,3360562,122889,544095,1050904,848058,1210,793406
2021-05-05,3375467,123233,549775,1053754,849327,1210,798168
2021-05-06,3389974,123616,555370,1056595,850467,1211,802715
2021-05-07,3404436,123905,561086,1059379,851907,1211,806948
2021-05-08,3417765,124137,566675,1061762,852947,1211,811033
2021-05-09,3428239,124394,572263,1063342,853382,1211,813647
2021-05-10,3439331,124745,577770,1065131,854100,1211,816374
2021-05-11,3453491,125059,583647,1067609,855290,1220,820666
2021-05-12,3467627,125365,589312,1070144,856550,1220,825036
2021-05-13,3481067,125595,594772,1072434,857775,1224,829267
2021-05-14,3494095,125846,599991,1074616,858835,1227,833580
2021-05-15,3506379,126086,605388,1076467,859749,1227,837462
2021-05-16,3516673,126309,611094,1077670,860187,1227,840186
2021-05-17,3528002,126567,617022,1079107,860823,1227,843256
2021-05-18,3542079,126889,623222,1081222,862078,1227,847441
2021-05-19,3555527,127244,628698,1083292,863004,1232,852057
2021-05-20,3568704,127614,634383,1085142,864116,1245,856204
2021-05-21,3581680,127986,640036,1086900,865076,1245,860437
2021-05-22,3593125,128195,645130,1088379,866034,1245,864142
2021-05-23,3602987,128396,650763,1089404,866371,1245,866808
2021-05-24,3612137,128676,655648,1090457,867092,1247,869017
2021-05-25,3625118,128955,661072,1092191,868170,1247,873483
2021-05-26,3637924,129259,666229,1093991,869607,1251,877587
2021-05-27,3650863,129549,671208,1095620,871535,1254,881697
2021-05-28,3662884,129849,676206,1097075,872640,1254,885860
2021-05-29,3673692,130102,680900,1098348,873471,1254,889617
2021-05-30,3682091,130303,685408,1099188,873745,1254,892193
2021-05-31,3690787,130634,689423,1100165,874222,1254,895089
2021-06-01,3706001,130954,693804,1101486,879271,1254,899232
2021-06-02,3717922,131265,698116,1102851,880306,1254,904130
2021-06-03,3728082,131516,702192,1104153,881291,1254,907676
2021-06-04,3738741,131794,706876,1105424,882179,1254,911214
2021-06-05,3748152,132052,710745,1106473,883059,1256,914567
2021-06-06,3755458,132300,714513,1107269,883369,1256,916751
2021-06-07,3763535,132578,717799,1108079,883887,1256,919936
2021-06-08,3774190,132992,721292,1109604,884626,1256,924420
2021-06-09,3784371,133356,724728,1110853,885556,1256,928622
2021-06-10,3800352,133674,733252,1112111,886323,1256,933736
2021-06-11,3812092,134054,738516,1113211,887234,1256,937821
2021-06-12,3821901,134387,742881,1114171,887885,1256,941321
2021-06-13,3831169,134659,748040,1114747,888146,1257,944320
2021-06-14,3839163,134995,751965,1115437,888534,1257,946975
2021-06-15,3849914,135470,755641,1116511,889240,1258,951794
2021-06-16,3859996,135887,759106,1117629,889968,1258,956148
2021-06-17,3869295,136270,762007,1118623,890537,1261,960597
2021-06-18,3878488,136661,764827,1119606,891459,1261,964674
2021-06-19,3886668,137078,767520,1120503,891815,1267,968485
2021-06-20,3893436,137458,770319,1121129,892237,1268,971025
2021-06-21,3900418,137947,772706,1121885,892704,1268,973908
2021-06-22,3909406,138582,775299,1122891,893548,1270,977816
2021-06-23,3918752,139088,777943,1123952,894456,1274,982039
2021-06-24,3927407,139635,780561,1125018,895188,1274,985731
2021-06-25,3936641,140163,783042,1126125,896161,1275,989875
2021-06-26,3944184,140655,785494,1127247,896629,1276,992883
2021-06-27,3950278,141103,787934,1128051,896862,1276,995052
2021-06-28,3956837,141633,790136,1128920,897198,1278,997672
2021-06-29,3964997,142154,792373,1130187,897951,1282,1001050
2021-06-30,3974203,142935,794821,1131349,898679,1282,1005137
2021-07-01,3982744,143728,797195,1132380,899349,1285,1008807
2021-07-02,3991116,144411,799515,1133413,900153,1286,1012338
2021-07-03,3998033,144899,801816,1134320,900540,1288,1015170
2021-07-04,4004680,145525,804343,1135091,900735,1291,1017695
2021-07-05,4012044,147038,806397,1136017,901107,1295,1020190
2021-07-06,4020528,147872,809094,1137028,901838,1302,1023394
2021-07-07,4029081,148686,812060,1138090,902532,1309,1026404
2021-07-08,4038000,149596,815013,1139152,903182,1315,1029742
2021-07-09,4046412,150470,818170,1140136,904013,1318,1032305
2021-07-10,4053011,151160,820955,1141067,904487,1320,1034022
2021-07-11,4060649,151769,824087,1141907,904798,1325,1036763
2021-07-12,4068752,152397,828138,1142794,905233,1329,1038861
2021-07-13,4077135,153482,830757,1143861,906013,1330,1041692
2021-07-14,4085729,154541,833636,1144862,906753,1330,1044607
2021-07-15,4094365,155442,836539,1145885,907551,1345,1047603
2021-07-16,4103126,156446,839667,1146893,908513,1352,1050255
2021-07-17,4110657,157219,842603,1147851,908944,1358,1052682
2021-07-18,4117261,157893,845920,1148757,909237,1371,1054083
2021-07-19,4124461,158616,849196,1149670,909761,1395,1055823
2021-07-20,4145163,159664,855858,1150728,910522,1411,1066980
2021-07-21,4153827,160590,859165,1151740,911412,1433,1069487
2021-07-22,4162607,161583,862424,1152816,912371,1450,1071963
2021-07-23,4170941,162382,865850,1153891,913118,1461,1074239
2021-07-24,4179629,163456,869523,1154912,914080,1468,1076190
2021-07-25,4187013,164341,873535,1155836,914423,1477,1077401
2021-07-26,4195487,165239,877315,1156820,915017,1491,1079605
2021-07-27,4205276,166100,881782,1157932,916255,1502,1081705
2021-07-28,4215401,167111,886135,1159073,917405,1516,1084161
2021-07-29,4225666,168401,890803,1160165,918283,1526,1086488
2021-07-30,4235269,169201,895025,1161314,919852,1533,1088344
2021-07-31,4244131,170068,899402,1162379,920644,1539,1090099
2021-08-01,4251549,170988,903347,1163350,921214,1543,1091107
2021-08-02,4259649,171859,907294,1164527,922002,1560,1092407
2021-08-03,4270001,172864,912057,1165754,923456,1570,1094300
2021-08-04,4280489,174000,916652,1166950,924934,1586,1096367
2021-08-05,4291478,174904,922151,1168166,926345,1599,1098313
2021-08-06,4301950,175925,926892,1169358,928306,1614,1099855
2021-08-07,4310644,176706,931233,1170432,929310,1619,1101344
2021-08-08,4318139,177421,935585,1171430,929817,1623,1102263
2021-08-09,4326937,178233,939946,1172623,930801,1654,1103680
2021-08-10,4338463,178861,945898,1173863,932682,1676,1105483
2021-08-11,4348984,179979,950524,1175118,934514,1696,1107153
2021-08-12,4359495,181123,955205,1176372,936354,1706,1108735
2021-08-13,4369963,182225,959837,1177655,938265,1729,1110252
2021-08-14,4378704,182935,964140,1178807,939490,1742,1111590
2021-08-15,4386150,183653,968571,1179885,939915,1750,1112376
2021-08-16,4395992,184430,973791,1181205,941700,1800,1113066
2021-08-17,4406694,185490,978117,1182617,943823,1827,1114820
2021-08-18,4417510,186511,982433,1184099,946241,1848,1116378
2021-08-19,4428955,187267,987299,1185542,949080,1870,1117897
2021-08-20,4439451,187968,991807,1186928,951568,1895,1119285
2021-08-21,4448378,188598,996133,1188205,953188,1899,1120355
2021-08-22,4456149,189246,1000769,1189395,953774,1907,1121058
2021-08-23,4466166,189958,1005601,1190917,955792,1967,1121931
2021-08-24,4477176,190778,1010225,1192533,958428,1995,1123217
2021-08-25,4488476,191776,1014820,1194102,961205,2029,1124544
2021-08-26,4500054,192628,1019222,1195684,964614,2057,1125849
2021-08-27,4510449,193392,1023225,1197233,967464,2085,1127050
2021-08-28,4518886,194154,1027022,1198558,969092,2091,1127969
2021-08-29,4525686,194830,1030636,1199812,969834,2096,1128478
2021-08-30,4535200,195499,1034760,1201340,972110,2147,1129344
2021-08-31,4544491,196278,1037799,1203070,974587,2173,1130584
2021-09-01,4556891,196917,1043237,1204645,978209,2198,1131685
2021-09-02,4568065,197763,1046284,1206280,982551,2229,1132958
2021-09-03,4578763,198379,1050564,1207907,985439,2253,1134221
2021-09-04,4586531,198893,1054028,1209275,986940,2258,1135137
2021-09-05,4593104,199268,1057524,1210596,987838,2261,1135617
2021-09-06,4601188,199806,1061621,1212205,989114,2314,1136128
2021-09-07,4611625,200420,1065385,1213990,992689,2336,1136805
2021-09-08,4621698,200928,1069158,1215725,996225,2358,1137304
2021-09-09,4632429,201492,1072247,1217411,1000440,2378,1138461
2021-09-10,4641584,202109,1075303,1219065,1003253,2401,1139453
2021-09-11,4649984,202496,1078462,1220479,1005671,2411,1140465
2021-09-12,4655633,202879,1081152,1221755,1006457,2418,1140972
2021-09-13,4664726,203316,1084883,1223361,1009096,2449,1141621
2021-09-14,4674612,203924,1087866,1225361,1012349,2481,1142631
2021-09-15,4685032,204361,1090931,1227169,1016310,2496,1143765
2021-09-16,4695538,204942,1093964,1228927,1020468,2518,1144719
2021-09-17,4704572,205386,1096779,1230678,1023441,2562,1145726
2021-09-18,4711114,205772,1099329,1232200,1024656,2578,1146579
2021-09-19,4717234,206021,1101812,1233555,1026182,2589,1147075
2021-09-20,4725499,206338,1104646,1235336,1029070,2617,1147492
2021-09-21,4734851,206744,1107215,1237295,1032623,2636,1148338
2021-09-22,4744568,207223,1109750,1239175,1036458,2684,1149278
2021-09-23,4754414,207688,1111961,1241126,1040794,2715,1150130
2021-09-24,4763106,208240,1114001,1243001,1044124,2739,1151001
2021-09-25,4768637,208528,1115936,1244554,1045146,2766,1151707
2021-09-26,4774191,208761,1117853,1245959,1046665,2793,1152160
2021-09-27,4781877,209210,1120067,1247796,1049425,2821,1152558
2021-09-28,4791245,209598,1122307,1249858,1053007,2882,1153593
2021-09-29,4800537,209931,1124704,1251952,1056540,2915,1154495
2021-09-30,4809411,210407,1126711,1253953,1060143,2941,1155256
2021-10-01,4818043,211599,1128517,1255944,1063086,2975,1155922
2021-10-02,4824020,211809,1130206,1257726,1064761,3002,1156516
2021-10-03,4828386,212046,1131659,1259342,1065447,3024,1156868
2021-10-04,4835550,212249,1133580,1261320,1068198,3043,1157160
2021-10-05,4842920,212575,1135180,1263728,1070349,3078,1158010
2021-10-06,4852054,212886,1137039,1266147,1074110,3113,1158759
2021-10-07,4861015,213212,1138627,1268422,1078032,3146,1159576
2021-10-08,4868574,213531,1140445,1270758,1080528,3174,1160138
2021-10-09,4873461,213708,1141976,1272790,1081119,3190,1160678
2021-10-10,4878238,213936,1143333,1274585,1082225,3210,1160949
2021-10-11,4884110,214140,1144828,1276794,1083843,3227,1161278
2021-10-12,4892088,214402,1146482,1279402,1086955,3259,1161588
2021-10-13,4900993,214667,1148044,1282138,1090845,3315,1161984
2021-10-14,4909002,214854,1149723,1284731,1093637,3332,1162725
2021-10-15,4916208,215086,1151181,1287152,1096080,3346,1163363
2021-10-16,4921624,215315,1152483,1289394,1097140,3368,1163924
2021-10-17,4926001,215509,1153667,1291438,1097824,3384,1164179
2021-10-18,4932508,215669,1155028,1293861,1099969,3445,1164536
2021-10-19,4940493,215909,1156475,1296935,1102606,3468,1165100
2021-10-20,4949162,216154,1157623,1299879,1106415,3483,1165608
2021-10-21,4956921,216403,1159134,1302795,1108910,3519,1166160
2021-10-22,4965090,216589,1161086,1305776,1111323,3549,1166767
2021-10-23,4971061,216784,1162583,1308576,1112332,3564,1167222
2021-10-24,4975723,216936,1164085,1310987,1112691,3586,1167438
2021-10-25,4982515,217122,1165642,1313769,1114613,3595,1167774
2021-10-26,4990256,217339,1167353,1317288,1116387,3611,1168278
2021-10-27,4999399,217621,1169355,1320921,1119018,3641,1168843
2021-10-28,5008331,217820,1171390,1324276,1121817,3664,1169364
2021-10-29,5016151,217987,1172872,1327691,1124016,3701,1169884
2021-10-30,5022242,218109,1174614,1330721,1124861,3714,1170223
2021-10-31,5026908,218244,1175846,1333354,1125296,3727,1170441
2021-11-01,5033273,218395,1177346,1336348,1126749,3741,1170694
2021-11-02,5040330,218579,1178770,1339979,1128307,3769,1170926
2021-11-03,5048794,218770,1180362,1343892,1130723,3789,1171258
2021-11-04,5056363,218965,1181760,1347790,1132236,3803,1171809
2021-11-05,5064948,219201,1183290,1351522,1134763,3827,1172345
2021-11-06,5071731,219364,1184798,1355053,1135904,3837,1172775
2021-11-07,5076382,219506,1186042,1357737,1136283,3851,1172963
2021-11-08,5083025,219651,1187386,1361205,1137670,3867,1173246
2021-11-09,5091030,219821,1188829,1365324,1139632,3892,1173532
2021-11-10,5099298,220044,1190174,1369713,1141485,3902,1173980
2021-11-11,5106972,220233,1191760,1373656,1143038,3914,1174371
2021-11-12,5115970,220403,1193388,1377435,1145636,3933,1175175
2021-11-13,5122486,220534,1194753,1381093,1146558,3938,1175610
2021-11-14,5127267,220616,1195970,1383856,1147068,3955,1175802
2021-11-15,5134108,220824,1197251,1387453,1148544,3980,1176056
2021-11-16,5141723,221016,1198574,1391800,1150017,3990,1176326
2021-11-17,5150883,221173,1200268,1396407,1152161,4005,1176869
2021-11-18,5159173,221347,1201975,1400587,1153940,4016,1177308
2021-11-19,5167153,221477,1203338,1404722,1155833,4070,1177713
2021-11-20,5173428,221603,1204706,1408409,1156593,4077,1178040
2021-11-21,5178140,221732,1205867,1411078,1157111,4090,1178262
2021-11-22,5185271,221869,1207250,1414850,1158608,4153,1178541
2021-11-23,5193289,222058,1208855,1419173,1160054,4158,1178991
2021-11-24,5201857,222225,1210285,1423577,1162164,4176,1179430
2021-11-25,5209711,222487,1211886,1427877,1163341,4183,1179937
2021-11-26,5216606,222608,1213381,1432018,1163973,4189,1180437
2021-11-27,5222774,222729,1214987,1435624,1164387,4193,1180854
2021-11-28,5227779,222801,1216218,1438495,1164956,4199,1181110
2021-11-29,5235300,223025,1217435,1442105,1167042,4208,1181485
2021-11-30,5243328,223168,1218695,1446478,1168774,4214,1181999
2021-12-01,5252575,223365,1220263,1450939,1171347,4225,1182436
2021-12-02,5262682,223517,1221574,1455137,1175314,4241,1182899
2021-12-03,5271273,223666,1223046,1459449,1177481,4252,1183379
2021-12-04,5277166,223764,1224125,1463097,1178223,4260,1183697
2021-12-05,5284677,223846,1228101,1465586,1178984,4268,1183892
2021-12-06,5291667,224047,1229331,1469222,1180622,4277,1184168
2021-12-07,5299394,224175,1230546,1473538,1182209,4307,1184619
2021-12-08,5307690,224335,1231754,1478013,1184388,4318,1184882
2021-12-09,5316259,224472,1233210,1482283,1186598,4320,1185376
2021-12-10,5324271,224591,1234515,1486535,1188433,4336,1185861
2021-12-11,5330616,224745,1236011,1490074,1189306,4340,1186140
2021-12-12,5335340,224855,1237172,1492613,1189955,4356,1186389
2021-12-13,5341635,224964,1238375,1495934,1191444,4363,1186555
2021-12-14,5349371,225163,1239522,1500352,1193100,4368,1186866
2021-12-15,5358398,225322,1240848,1504623,1195880,4377,1187348
2021-12-16,5365744,225467,1242124,1508701,1197371,4385,1187696
2021-12-17,5373044,225603,1243003,1512603,1199312,4395,1188128
2021-12-18,5379124,225742,1244217,1516026,1200253,4399,1188487
2021-12-19,5383647,225835,1245401,1518406,1200874,4400,1188731
2021-12-20,5390335,226130,1246686,1521564,1202575,4408,1188972
2021-12-21,5397892,226302,1247905,1525411,1204554,4416,1189304
2021-12-22,5408263,226532,1249280,1529394,1209053,4427,1189577
2021-12-23,5415520,226724,1250605,1533113,1210727,4436,1189915
2021-12-24,5421583,226914,1251854,1536314,1211797,4442,1190262
2021-12-25,5426051,227083,1252776,1539157,1212175,4444,1190416
2021-12-26,5429967,227230,1253981,1541121,1212593,4454,1190588
2021-12-27,5436321,227479,1255028,1544040,1214519,4461,1190794
2021-12-28,5444005,227675,1256102,1547737,1216919,4470,1191102
2021-12-29,5451956,227911,1257038,1551688,1219481,4485,1191353
2021-12-30,5459377,228212,1258346,1555357,1221237,4500,1191725
2021-12-31,5466059,228453,1259594,1559179,1222343,4514,1191976
2022-01-01,5470512,228636,1260587,1561730,1222891,4520,1192148
2022-01-02,5473910,228786,1261355,1563495,1223387,4530,1192357
2022-01-03,5479790,229039,1262134,1566065,1225397,4536,1192619
2022-01-04,5487866,229437,1263455,1569536,1227928,4556,1192954
2022-01-05,5495641,229724,1264514,1573254,1230421,4570,1193158
2022-01-06,5503258,230504,1265479,1576580,1232742,4590,1193363
2022-01-07,5510512,230847,1266555,1579321,1235427,4606,1193756
2022-01-08,5515983,231161,1267770,1581727,1236604,4640,1194081
2022-01-09,5520115,231420,1268540,1583550,1237355,4663,1194587
2022-01-10,5526686,231722,1269613,1586219,1239544,4696,1194892
2022-01-11,5535790,232049,1270965,1589881,1242454,4750,1195691
2022-01-12,5544812,232487,1272113,1593623,1245666,4814,1196109
2022-01-13,5553039,232831,1273234,1596900,1248540,4864,1196670
2022-01-14,5561005,233147,1274025,1600111,1251552,4914,1197256
2022-01-15,5567366,233529,1275107,1602799,1253185,4975,1197771
2022-01-16,5571921,233782,1276028,1604696,1254134,4994,1198287
2022-01-17,5578145,234187,1276796,1607563,1255442,5092,1199065
2022-01-18,5587248,234504,1278086,1611193,1258410,5162,1199893
2022-01-19,5597179,234734,1279287,1614324,1262778,5215,1200841
2022-01-20,5606817,235246,1280693,1617641,1266022,5303,1201912
2022-01-21,5616782,235596,1281963,1620650,1270273,5384,1202916
2022-01-22,5622981,235972,1283223,1623046,1271479,5462,1203799
2022-01-23,5628197,236253,1284280,1624870,1272819,5490,1204485
2022-01-24,5636877,236949,1285639,1627752,1275329,5584,1205624
2022-01-25,5647356,236981,1287053,1631333,1279354,5656,1206979
2022-01-26,5658072,237309,1288415,1634592,1283427,5759,1208570
2022-01-27,5668367,237698,1289814,1637785,1286985,5849,1210236
2022-01-28,5680710,238026,1291520,1640973,1292282,6011,1211898
2022-01-29,5688782,238418,1293162,1643440,1294221,6097,1213444
2022-01-30,5694387,238671,1294907,1645282,1294993,6139,1214395
2022-01-31,5704577,238995,1297045,1648400,1298037,6221,1215879
2022-02-01,5717256,239430,1299606,1652070,1302501,6295,1217354
2022-02-02,5729137,239838,1301399,1655733,1306350,6388,1219429
2022-02-03,5740769,240275,1303717,1659158,1309690,6480,1221449
2022-02-04,5753930,240437,1305805,1662402,1315426,6563,1223297
2022-02-05,5762308,240946,1307561,1665087,1317101,6613,1225000
2022-02-06,5768316,241167,1309598,1667049,1317854,6661,1225987
2022-02-07,5779218,241633,1311939,1670517,1321172,6729,1227228
2022-02-08,5792010,242210,1314498,1674751,1324552,6800,1229199
2022-02-09,5805133,242767,1316977,1678363,1328866,6856,1231304
2022-02-10,5817006,243187,1318951,1682368,1332339,6936,1233225
2022-02-11,5828984,243533,1321034,1686083,1336223,7010,1235101
2022-02-12,5837824,243938,1322933,1688921,1338382,7060,1236590
2022-02-13,5843147,244051,1324461,1690870,1339054,7077,1237634
2022-02-14,5854122,244506,1326359,1694507,1342533,7144,1239073
2022-02-15,5864773,244825,1328329,1698263,1345473,7215,1240668
2022-02-16,5877877,245144,1330347,1702635,1350118,7313,1242320
2022-02-17,5890083,245771,1332525,1706486,1353748,7357,1244196
2022-02-18,5900718,246297,1334368,1710208,1356422,7403,1246020
2022-02-19,5909276,246726,1336576,1712905,1358110,7440,1247519
2022-02-20,5914722,246949,1338273,1714757,1358798,7484,1248461
2022-02-21,5921998,247333,1340031,1717706,1359884,7524,1249520
2022-02-22,5932049,247535,1342028,1721693,1362355,7585,1250853
2022-02-23,5944032,247800,1344136,1725382,1366796,7636,1252282
2022-02-24,5954836,247977,1346278,1728641,1370324,7677,1253939
2022-02-25,5963898,248196,1348196,1731629,1372994,7720,1255163
2022-02-26,5970685,248354,1350041,1733984,1374167,7747,1256392
2022-02-27,5975438,248541,1351659,1735788,1374526,7784,1257140
2022-02-28,5982810,248823,1353505,1738013,1376843,7828,1257798
2022-03-01,5991284,248899,1355518,1741463,1379157,7897,1258350
2022-03-02,5999456,249023,1357521,1744484,1381381,7945,1259102
2022-03-03,6007627,249150,1359412,1747319,1383519,7989,1260238
2022-03-04,6016342,249224,1361655,1750218,1385886,8038,1261321
2022-03-05,6022238,249324,1363479,1752431,1386593,8056,1262355
2022-03-06,6026514,249370,1365154,1753862,1387112,8100,1262916
2022-03-07,6034070,250466,1366909,1756087,1388977,8144,1263487
2022-03-08,6041279,250539,1368797,1758747,1390794,8178,1264224
2022-03-09,6049148,250636,1370760,1761341,1393153,8203,1265055
2022-03-10,6056681,250750,1372722,1763692,1395206,8233,1266078
2022-03-11,6062888,250810,1374514,1765941,1396544,8255,1266824
2022-03-12,6067867,250839,1376168,1767729,1397343,8273,1267515
2022-03-13,6071464,250887,1377729,1768991,1397624,8340,1267893
2022-03-14,6076779,250927,1379490,1770568,1399039,8367,1268388
2022-03-15,6082397,250946,1381084,1772910,1400205,8395,1268857
2022-03-16,6089285,251002,1382899,1775222,1402388,8419,1269355
2022-03-17,6096369,251092,1384707,1777625,1404400,8451,1270094
2022-03-18,6101894,251142,1386319,1779832,1405336,8482,1270783
2022-03-19,6105968,251168,1387819,1781372,1405808,8485,1271316
2022-03-20,6109338,251180,1389311,1782523,1406078,8589,1271657
2022-03-21,6125431,251291,1390639,1784024,1407453,8617,1283407
2022-03-22,6130502,251402,1391933,1786249,1408328,8642,1283948
2022-03-23,6136482,251450,1393640,1788303,1410033,8673,1284383
2022-03-24,6141750,251499,1395173,1790259,1411154,8710,1284955
2022-03-25,6150698,251520,1400317,1792462,1412204,8736,1285459
2022-03-26,6153793,251553,1401370,1793873,1412390,8754,1285853
2022-03-27,6156476,251565,1402577,1794788,1412593,8854,1286099
2022-03-28,6160425,251636,1403704,1796129,1413759,8884,1286313
2022-03-29,6165095,251812,1404871,1797628,1414786,8917,1287081
2022-03-30,6170023,251927,1406021,1799654,1416063,8956,1287402
2022-03-31,6174830,251953,1407174,1802035,1416863,8971,1287834
2022-04-01,6179388,251961,1408197,1803716,1417897,9329,1288288
2022-04-02,6182249,251972,1409101,1805126,1418186,9350,1288514
2022-04-03,6184204,251991,1409776,1806064,1418281,9428,1288664
2022-04-04,6187229,252058,1410532,1807290,1418918,9470,1288961
2022-04-05,6191393,252196,1411644,1809217,1419590,9508,1289238
2022-04-06,6196066,252202,1412570,1811328,1420902,9542,1289522
2022-04-07,6200370,252211,1413614,1813125,1421922,9575,1289923
2022-04-08,6204296,252223,1414549,1815064,1422676,9599,1290185
2022-04-09,6206649,252242,1415375,1816040,1423008,9612,1290372
2022-04-10,6208433,252248,1416065,1816834,1423102,9705,1290479
2022-04-11,6211226,252322,1416644,1818357,1423466,9745,1290692
2022-04-12,6214567,252431,1417247,1819946,1424211,9798,1290934
2022-04-13,6218597,252452,1418185,1821552,1425366,9888,1291154
2022-04-14,6222044,252468,1418769,1823214,1426278,9906,1291409
2022-04-15,6224545,252476,1419456,1824277,1426784,9935,1291617
2022-04-16,6226167,252483,1419986,1825092,1426926,9959,1291721
2022-04-17,6227712,252489,1420651,1825768,1426972,10038,1291794
2022-04-18,6229298,252528,1421110,1826440,1427258,10055,1291907
2022-04-19,6232376,252660,1421665,1828061,1427775,10097,1292118
2022-04-20,6236542,252681,1422147,1830230,1428921,10143,1292420
2022-04-21,6239583,252752,1422830,1831788,1429437,10191,1292585
2022-04-22,6242300,252766,1423371,1833151,1430089,10235,1292688
2022-04-23,6243911,252781,1423851,1833906,1430312,10240,1292821
2022-04-24,6245083,252790,1424296,1834423,1430388,10314,1292872
2022-04-25,6247263,252823,1424642,1835580,1430690,10363,1293165
2022-04-26,6251233,252859,1426673,1836834,1431107,10427,1293333
2022-04-27,6254625,252864,1427063,1838444,1432107,10479,1293668
2022-04-28,6257575,252872,1427725,1839935,1432701,10502,1293840
2022-04-29,6260073,252878,1428191,1841103,1433283,10555,1294063
2022-04-30,6261567,252881,1428639,1841698,1433508,10569,1294272
2022-05-01,6262727,252881,1429025,1842182,1433574,10624,1294441
2022-05-02,6264537,252890,1429299,1843191,1433914,10690,1294553
2022-05-03,6266726,252897,1429631,1844382,1434413,10736,1294667
2022-05-04,6270401,252981,1429959,1845325,1436550,10805,1294781
2022-05-05,6272671,253047,1430224,1846565,1437033,10839,1294963
2022-05-06,6274793,253086,1430519,1847596,1437526,10881,1295185
2022-05-07,6275932,253104,1430768,1848120,1437790,10895,1295255
2022-05-08,6276777,253117,1430974,1848530,1437844,10955,1295357
2022-05-09,6278684,253163,1431228,1849588,1438271,11000,1295434
2022-05-10,6280693,253242,1431472,1850560,1438702,11059,1295658
2022-05-11,6282893,253293,1431716,1851412,1439538,11112,1295822
2022-05-12,6284843,253315,1431969,1852346,1440059,11162,1295992
2022-05-13,6286710,253431,1432173,1853346,1440379,11215,1296166
2022-05-14,6287674,253440,1432439,1853750,1440503,11240,1296302
2022-05-15,6288450,253443,1432687,1854041,1440558,11300,1296421
2022-05-16,6290096,253488,1432870,1854900,1440998,11365,1296475
2022-05-17,6291909,253535,1433098,1855903,1441436,11419,1296518
2022-05-18,6294281,253649,1433335,1856690,1442572,11470,1296565
2022-05-19,6295977,253652,1433591,1857461,1443148,11521,1296604
2022-05-20,6297959,253703,1433812,1858041,1443692,11570,1297141
2022-05-21,6299034,253719,1434091,1858653,1443816,11591,1297164
2022-05-22,6299644,253730,1434180,1858849,1443907,11611,1297367
2022-05-23,6301244,253769,1434475,1859531,1444326,11720,1297423
2022-05-24,6302894,253835,1434674,1860205,1444733,11761,1297686
2022-05-25,6305494,253887,1434915,1860996,1445966,11878,1297852
2022-05-26,6306917,253934,1435182,1861587,1446477,11911,1297826
2022-05-27,6308832,253973,1435475,1862302,1447103,11976,1298003
2022-05-28,6309586,253987,1435771,1862529,1447201,12004,1298094
2022-05-29,6310204,253995,1435975,1862700,1447242,12059,1298233
2022-05-30,6311449,254027,1436210,1863319,1447443,12116,1298334
2022-05-31,6312926,254076,1436420,1863864,1447888,12150,1298528
2022-06-01,6314989,254112,1436643,1864612,1448746,12196,1298680
2022-06-02,6316623,254148,1436893,1865197,1449261,12257,1298867
2022-06-03,6318162,254186,1437147,1865866,1449724,12318,1298921
2022-06-04,6318824,254216,1437262,1866064,1449955,12345,1298982
2022-06-05,6319637,254225,1437644,1866216,1450036,12420,1299096
2022-06-06,6320609,254236,1437896,1866483,1450345,12451,1299198
2022-06-07,6322686,254331,1438116,1867307,1450874,12509,1299549
2022-06-08,6325223,254369,1438361,1867906,1452147,12574,1299866
2022-06-09,6326771,254394,1438678,1868435,1452572,12615,1300077
2022-06-10,6328447,254422,1438972,1868974,1453100,12680,1300299
2022-06-11,6329360,254437,1439276,1869207,1453291,12705,1300444
2022-06-12,6329934,254448,1439514,1869356,1453343,12765,1300508
2022-06-13,6331671,254480,1439689,1870403,1453660,12797,1300642
2022-06-14,6333493,254542,1439927,1871198,1454115,12854,1300857
2022-06-15,6335464,254582,1440156,1871645,1454931,12926,1301224
2022-06-16,6337266,254607,1440771,1872047,1455569,12977,1301295
2022-06-17,6338565,254627,1441020,1872572,1455924,13044,1301378
2022-06-18,6339207,254632,1441304,1872755,1456014,13084,1301418
2022-06-19,6339887,254659,1441554,1872893,1456155,13152,1301474
2022-06-20,6341552,254692,1441788,1873576,1456288,13210,1301998
2022-06-21,6343184,254746,1441994,1874113,1456806,13272,1302253
2022-06-22,6345217,254821,1442278,1874638,1457728,13328,1302424
2022-06-23,6347010,254856,1442527,1875136,1458231,13373,1302887
2022-06-24,6348790,254883,1442787,1875695,1458740,13425,1303260
2022-06-25,6349572,254905,1443012,1875881,1459004,13452,1303318
2022-06-26,6350231,254914,1443247,1876067,1459049,13535,1303419
2022-06-27,6351731,254934,1443455,1876594,1459376,13588,1303784
2022-06-28,6353722,254960,1443759,1877201,1460027,13643,1304132
2022-06-29,6355478,255010,1443986,1877741,1460836,13727,1304178
2022-06-30,6356845,255035,1444201,1878233,1460744,13761,1304871
2022-07-01,6358737,255076,1444428,1878881,1461314,13815,1305223
2022-07-02,6359558,255100,1444650,1879125,1461398,13846,1305439
2022-07-03,6360295,255113,1444831,1879337,1461472,13946,1305596
2022-07-04,6361440,255124,1445044,1879905,1461580,13991,1305796
2022-07-05,6363668,255176,1445263,1880784,1462160,14036,1306249
2022-07-06,6366006,255248,1445548,1881404,1463053,14097,1306656
2022-07-07,6368716,255288,1445791,1882087,1464268,14131,1307151
2022-07-08,6371020,255305,1446085,1883076,1464860,14204,1307490
2022-07-09,6372010,255320,1446298,1883356,1465063,14220,1307753
2022-07-10,6372859,255339,1446486,1883611,1465123,14356,1307944
2022-07-11,6374705,255351,1446705,1884431,1465628,14417,1308173
2022-07-12,6377086,255446,1446947,1885341,1466320,14476,1308556
2022-07-13,6379747,255473,1447184,1886130,1467429,14549,1308982
2022-07-14,6381770,255484,1447447,1886747,1467964,14612,1309516
2022-07-15,6384114,255504,1447722,1887614,1468632,14693,1309949
2022-07-16,6385177,255534,1447955,1887903,1468825,14723,1310237
2022-07-17,6386160,255544,1448247,1888202,1468910,14855,1310402
2022-07-18,6388209,255586,1448444,1889199,1469390,14935,1310655
2022-07-19,6391313,255756,1448675,1890541,1470241,15025,1311075
2022-07-20,6394255,255768,1449010,1891567,1471327,15109,1311474
2022-07-21,6396720,255784,1449362,1892279,1472038,15169,1312088
2022-07-22,6399613,255794,1449729,1893494,1472863,15275,1312458
2022-07-23,6400863,255799,1450094,1893815,1473230,15313,1312612
2022-07-24,6401889,255809,1450367,1894093,1473297,15371,1312952
2022-07-25,6403909,255843,1450634,1894946,1473763,15487,1313236
2022-07-26,6406815,255961,1451092,1896112,1474414,15573,1313663
2022-07-27,6410157,255967,1451465,1897289,1475737,15702,1313997
2022-07-28,6412885,256006,1451873,1898221,1476272,15884,1314629
2022-07-29,6415886,256025,1452447,1899290,1477082,16042,1315000
2022-07-30,6416957,256026,1452799,1899616,1477183,16084,1315249
2022-07-31,6417877,256031,1453126,1899899,1477211,16103,1315507
2022-08-01,6420364,256035,1453470,1900725,1478049,16259,1315826
2022-08-02,6423273,256054,1453953,1901974,1478750,16360,1316182
2022-08-03,6426440,256129,1454429,1902918,1480020,16460,1316484
2022-08-04,6429540,256139,1454962,1903914,1480851,16572,1317102
2022-08-05,6432489,256152,1455450,1905014,1481688,16675,1317510
2022-08-06,6434186,256158,1456219,1905385,1481948,16707,1317769
2022-08-07,6435124,256163,1456596,1905649,1482014,16725,1317977
2022-08-08,6437457,256176,1457088,1906507,1482560,16879,1318247
2022-08-09,6441052,256181,1457669,1908145,1483361,17018,1318678
2022-08-10,6443719,256237,1458273,1908997,1484377,17098,1318737
2022-08-11,6446910,256246,1458858,1909921,1485142,17229,1319514
2022-08-12,6449733,256259,1459422,1910908,1485880,17328,1319936
2022-08-13,6451172,256262,1460011,1911268,1486239,17370,1320022
2022-08-14,6452165,256267,1460489,1911537,1486274,17394,1320204
2022-08-15,6454569,256277,1461394,1912005,1486764,17494,1320635
2022-08-16,6458048,256316,1462362,1913423,1487450,17582,1320915
2022-08-17,6461310,256415,1463038,1914259,1488693,17727,1321178
2022-08-18,6464239,256425,1463694,1915231,1489442,17814,1321633
2022-08-19,6466929,256429,1464332,1916102,1490174,17921,1321971
2022-08-20,6468086,256435,1464894,1916406,1490270,17957,1322124
2022-08-21,6469803,256435,1465437,1916633,1491070,17966,1322262
2022-08-22,6471252,256446,1466066,1917280,1490846,18072,1322542
2022-08-23,6474181,256447,1466706,1918427,1491832,18137,1322632
2022-08-24,6477224,256479,1467362,1919061,1492961,18155,1323206
2022-08-25,6480234,256491,1468057,1919995,1493823,18289,1323579
2022-08-26,6482805,256503,1468705,1920759,1494599,18381,1323858
2022-08-27,6483979,256503,1469401,1921062,1494676,18396,1323941
2022-08-28,6484992,256504,1469911,1921282,1494812,18407,1324076
2022-08-29,6487030,256507,1470458,1921866,1495323,18497,1324379
2022-08-30,6489399,256518,1471044,1922754,1495825,18577,1324681
2022-08-31,6492886,256525,1471813,1923638,1497428,18653,1324829
2022-09-01,6495456,256555,1472397,1924411,1498440,18694,1324959
2022-09-02,6498172,256556,1473267,1925136,1499045,18753,1325415
2022-09-03,6499213,256557,1473875,1925393,1499104,18767,1325517
2022-09-04,6500320,256561,1474567,1925587,1499195,18777,1325633
2022-09-05,6501742,256567,1475052,1926056,1499314,18863,1325890
2022-09-06,6504077,256572,1475666,1926960,1500000,18938,1325941
2022-09-07,6506271,256596,1476216,1927596,1500891,19001,1325971
2022-09-08,6508487,256605,1476706,1928270,1501716,19088,1326102
2022-09-09,6510785,256630,1477196,1928851,1502354,19156,1326598
2022-09-10,6511682,256632,1477607,1929106,1502504,19161,1326672
2022-09-11,6512466,256632,1478018,1929278,1502569,19167,1326802
2022-09-12,6514005,256635,1478473,1929671,1503065,19205,1326956
2022-09-13,6515993,256644,1478886,1930507,1503656,19207,1327093
2022-09-14,6518470,256644,1479401,1931312,1504655,19207,1327251
2022-09-15,6520897,256662,1479816,1932026,1505607,19374,1327412
2022-09-16,6522900,256664,1480267,1932870,1506124,19499,1327476
2022-09-17,6523720,256667,1480628,1933113,1506303,19509,1327500
2022-09-18,6524301,256668,1480910,1933314,1506346,19513,1327550
2022-09-19,6525745,256689,1481192,1933778,1506760,19543,1327783
2022-09-20,6527504,256697,1481557,1934500,1507281,19548,1327921
2022-09-21,6529596,256721,1481920,1934998,1508342,19581,1328034
2022-09-22,6531744,256724,1482287,1935584,1509127,19685,1328337
2022-09-23,6533586,256726,1482771,1936251,1509663,19686,1328489
2022-09-24,6534377,256726,1483151,1936498,1509768,19686,1328548
2022-09-25,6534874,256726,1483375,1936661,1509797,19689,1328626
2022-09-26,6536266,256730,1483675,1937137,1510187,19769,1328768
2022-09-27,6537865,256734,1483963,1937889,1510708,19782,1328789
2022-09-28,6540171,256741,1484283,1938402,1512056,19803,1328886
2022-09-29,6542438,256763,1484614,1939163,1512930,19994,1328974
2022-09-30,6543833,256764,1484930,1939674,1513278,20044,1329143
2022-10-01,6544422,256764,1485210,1939879,1513348,20044,1329177
2022-10-02,6544920,256764,1485456,1940023,1513368,20052,1329257
2022-10-03,6546198,256770,1485661,1940379,1513695,20061,1329632
2022-10-04,6547712,256775,1485885,1941094,1514232,20067,1329659
2022-10-05,6549805,256786,1486125,1941643,1515299,20082,1329870
2022-10-06,6551692,256792,1486398,1942219,1516017,20176,1330090
2022-10-07,6553399,256793,1486658,1943060,1516519,20218,1330151
2022-10-08,6554018,256793,1486940,1943290,1516583,20218,1330194
2022-10-09,6554549,256793,1487199,1943459,1516601,20235,1330262
2022-10-10,6555822,256796,1487489,1944073,1516735,20249,1330480
2022-10-11,6557637,256799,1487662,1944922,1517388,20257,1330609
2022-10-12,6559385,256800,1487863,1945593,1518237,20267,1330625
2022-10-13,6561428,256854,1488093,1946385,1519015,20314,1330767
2022-10-14,6562952,256857,1488358,1947121,1519371,20348,1330897
2022-10-15,6563613,256858,1488686,1947366,1519437,20348,1330918
2022-10-16,6564045,256860,1488887,1947529,1519443,20358,1330968
2022-10-17,6565718,256865,1489060,1948654,1519777,20370,1330992
2022-10-18,6567457,256871,1489297,1949691,1520225,20373,1331000
2022-10-19,6569609,256873,1489549,1950503,1521022,20379,1331283
2022-10-20,6572124,256876,1489851,1951927,1521731,20413,1331326
